id,latin,japanese,feature,primary_mapping,register,status,key_morphology,notes
LAT-001,"Calorem ab aqua ad aerem transfer.","熱を水から空気へ移せ。","thermal transfer","Transfer<Energy,mode=Thermal>","technical Latin","canonical","calorem=acc.sg; ab aqua=ab+abl.sg; ad aerem=ad+acc.sg; transfer=imperative","Heat is not a conserved quantity kind; elaborate to Energy/Thermal."
LAT-002,"Canalem energiae a fonte ad globum aperi.","エネルギーのチャネルを源から球へ開け。","channel creation","Channel<Energy>","Neo-Latin technical","canonical","canalem=acc.sg; energiae=gen.sg; a fonte=a+abl.sg; ad globum=ad+acc.sg; aperi=imperative","energia is technical/Neo-Latin."
LAT-003,"Quantitatem motus a terra ad lapidem transfer.","運動量を地面から石へ移せ。","momentum transfer","Transfer<Momentum>","17th-century-flavoured technical Latin","canonical","quantitatem=acc.sg; motus=gen.sg; a terra=a+abl.sg; ad lapidem=ad+acc.sg; transfer=imperative","quantitas motus is preferred to equating impetus directly with modern momentum."
LAT-004,"Moleculas aquae in structuram crystallinam compone.","水の分子を結晶構造へ組み替えよ。","structural reconfiguration","RECONFIGURE","Neo-Latin scientific","provisional","moleculas=acc.pl; aquae=gen.sg; in structuram crystallinam=in+acc.sg; compone=imperative","molecula is scientific/Neo-Latin terminology."
LAT-005,"Formam sphaericam globi serva.","球の球形を維持せよ。","shape maintenance","CONSTRAIN","technical Latin","provisional","formam=acc.sg; sphaericam=acc.sg agreement; globi=gen.sg; serva=imperative","Earlier example; persistent constraints are preferably expressed with prescriptive subjunctive in strict Magical Latin."
LAT-006,"Globus intra circulum maneat.","球は円内に留まるものとする。","persistent constraint","CONSTRAIN","technical Latin","canonical","globus=nom.sg; intra circulum=intra+acc.sg; maneat=pres.subj.3sg","Canonical subjunctive constraint example."
LAT-007,"Globum intra circulum move.","球を円内へ動かせ。","one-shot movement","high-level MOVE -> transfer/control","technical Latin","canonical","globum=acc.sg; intra circulum=intra+acc.sg; move=imperative","MOVE is a high-level library operation, not an MKI primitive."
LAT-008,"Nullum corpus externum limen transeat.","外部物体は境界を越えてはならない。","barrier constraint","CONSTRAIN","technical Latin","canonical","nullum corpus externum=nom.sg.neut; limen=acc.sg; transeat=pres.subj.3sg","Persistent prohibition / barrier predicate."
LAT-009,"Hunc lapidem designa.","この石を指定せよ。","target resolution","RESOLVE","technical Latin","canonical","hunc=acc.sg.masc; lapidem=acc.sg; designa=imperative","Produces an early-bound Ref when stored."
LAT-010,"Temperaturam huius lapidis observa.","この石の温度を観測せよ。","observation","OBSERVE","Neo-Latin scientific","canonical","temperaturam=acc.sg; huius=gen.sg; lapidis=gen.sg; observa=imperative","Temperature is observable but not transferable as a conserved quantity."
LAT-011,"Hunc globum mihi reserva.","この球を私のために確保せよ。","reservation / lease acquisition","ACQUIRE-like high-level operation","technical Latin","provisional","hunc globum=acc.sg; mihi=dat.sg; reserva=imperative","Maps to a lease/reservation abstraction rather than a physical MKI operation."
LAT-012,"Nexum energiae constitue.","エネルギーの接続を確立せよ。","connection establishment","CHANNEL-like high-level operation","Neo-Latin technical","provisional","nexum=acc.sg; energiae=gen.sg; constitue=imperative","nexum is used as a technical connection term."
LAT-013,"Mutationem committe.","変更をコミットせよ。","commit","COMMIT","technical Latin","provisional","mutationem=acc.sg; committe=imperative","Technical semantic extension of committo."
LAT-014,"Hunc nexum solve.","この接続を解け。","revocation / disconnect","REVOKE","technical Latin","canonical","hunc=acc.sg.masc; nexum=acc.sg; solve=imperative","Control-plane revocation example."
LAT-015,"Nemo praeter dominum hunc nexum mutet.","所有者以外はこの接続を変更してはならない。","permission rule","ACL / authority constraint","technical Latin","canonical","nemo=nom.sg; praeter dominum=praeter+acc.sg; hunc nexum=acc.sg; mutet=pres.subj.3sg","Persistent authorization rule."
LAT-016,"Finem nexus ad auctorem converte.","接続の終端を起点となる術者へ向け直せ。","endpoint redirection","binding/channel rewrite","technical Latin","canonical","finem=acc.sg; nexus=gen.sg; ad auctorem=ad+acc.sg; converte=imperative","nexus is formally ambiguous in isolation; frame/context must resolve it."
LAT-017,"Aquam in structuram crystallinam compone.","水を結晶構造へ組み替えよ。","phase/structure reconfiguration","RECONFIGURE","technical Latin","canonical","aquam=acc.sg; in structuram crystallinam=in+acc.sg; compone=imperative","Requires separate energy balance handling."
LAT-018,"Si lapis intra circulum est, nexum aperi.","石が円内にあるなら、接続を開け。","conditional","if + CHANNEL-like action","technical Latin","canonical","si=conditional; lapis=nom.sg; intra circulum=intra+acc.sg; est=indicative; nexum=acc.sg; aperi=imperative","Example that conditions need not use subjunctive uniformly."
LAT-019,"Si lapis intra circulum est, nexum aperi; sin autem, siste.","石が円内にあるなら接続を開け。そうでなければ停止せよ。","if/else","if/else + ABORT/stop","technical Latin","canonical","si...est=condition; sin autem=otherwise; aperi=imperative; siste=imperative","Used to illustrate else branching."
LAT-020,"Hanc operationem ter exsequere.","この操作を三回実行せよ。","bounded repetition","repeat 3","technical Latin","canonical","hanc operationem=acc.sg; ter=adverb; exsequere=imperative of deponent exsequor","Finite repetition example."
LAT-021,"Temperaturam aquae observa.","水の温度を観測せよ。","observation","OBSERVE","Neo-Latin scientific","canonical","temperaturam=acc.sg; aquae=gen.sg; observa=imperative","Compact observation example."
LAT-022,"Si temperatura aquae maior quam terminus est, calorem ab aqua ad receptaculum transfer.","水の温度が基準値より高ければ、熱を水から受容器へ移せ。","conditional thermal control","if + Transfer<Energy,mode=Thermal>","Neo-Latin technical","provisional","temperatura=nom.sg; aquae=gen.sg; maior=comparative nom.sg.fem; quam terminus=comparative phrase; calorem=acc.sg","terminus/receptaculum are technical choices subject to future Latin editorial review."
LAT-023,"Hoc ius Svetae delega.","この権限をスヴェータに委譲せよ。","delegation","DELEGATE","technical Latin","canonical","hoc ius=acc.sg.neut; Svetae=dat.sg; delega=imperative","Dative maps naturally to Recipient."
LAT-024,"Hunc lapidem sequere.","この石を追跡せよ。","tracking","RESOLVE + repeated OBSERVE","technical Latin","canonical","hunc lapidem=acc.sg; sequere=imperative of deponent sequor","Tracking is not itself CONSTRAIN."
LAT-025,"Lapidem ante me feri.","私の前にある石を打て。","late binding target","RESOLVE-at-use + high-level attack","technical Latin","provisional","lapidem=acc.sg; ante me=ante+acc; feri=imperative","Intended as late-bound spatial description."
LAT-026,"Hunc lapidem designa. Eundem postea feri.","この石を指定せよ。後でまさに同じものを打て。","early binding identity","RESOLVE -> stored Ref reuse","technical Latin","canonical","hunc lapidem=acc.sg; designa=imperative; eundem=acc.sg.masc of idem; postea=adverb; feri=imperative","eundem expresses reuse of the same identity-bound target."
LAT-027,"Hoc corpus in duas partes divide.","この物体を二つの部分に分割せよ。","entity split","RECONFIGURE + identity events","technical Latin","canonical","hoc corpus=acc.sg.neut; in duas partes=in+acc.pl; divide=imperative","Default Object identity policy terminates the old identity on one-to-many split."
LAT-028,"Post tria secunda nexum aperi.","3秒後に接続を開け。","scheduled execution","after 3 s","Neo-Latin technical","provisional","post=preposition; tria secunda=technical time expression; nexum=acc.sg; aperi=imperative","Time-unit wording is explicitly technical Latin."
LAT-029,"Cum corpus limen attingat, nexum momentum aperi.","物体が境界に触れたとき、運動量の接続を開け。","event trigger","on Touch -> Channel<Momentum>","technical Latin","deprecated","cum=temporal/event clause; corpus=nom.sg; limen=acc.sg; attingat=subj.3sg","Deprecated because nexum momentum is not the preferred genitive technical phrase."
LAT-030,"Cum corpus limen attingat, nexum quantitatis motus aperi.","物体が境界に触れたとき、運動量の接続を開け。","event trigger","on Touch -> Channel<Momentum>","17th-century-flavoured technical Latin","canonical","cum clause; corpus=nom.sg; limen=acc.sg; attingat=subj.3sg; quantitatis motus=genitive phrase","Preferred correction of LAT-029."
LAT-031,"Cum hostis limen transeat, globum emitte.","敵が境界を越えたとき、球を放て。","event trigger","on Cross -> launch","technical Latin","canonical","hostis=nom.sg; limen=acc.sg; transeat=subj.3sg; globum=acc.sg; emitte=imperative","Canonical event example."
LAT-032,"Semel, cum ...","一度だけ、〜するとき……","single-shot event marker","once on","Latin fragment","fragment","semel=adverb","Fragment used to motivate one-shot event subscription."
LAT-033,"Quotiens ...","〜するたびに……","repeated event marker","on each","Latin fragment","fragment","quotiens=relative/interrogative adverb","Fragment used to motivate repeated event subscription."
LAT-034,"Calorem quinque milium unitatum ab aqua ad aerem transfer.","5000単位の熱を水から空気へ移せ。","explicit quantity","Transfer<Energy,mode=Thermal>","technical Latin","deprecated","calorem=acc.sg; quinque milium unitatum=quantity phrase; ab aqua; ad aerem; transfer=imperative","Illustrative only; strict language should use a defined unit syntax rather than generic unitatum."
LAT-035,"Canalem energiae ab aqua ad aerem aperi.","エネルギーのチャネルを水から空気へ開け。","channel creation","Channel<Energy>","Neo-Latin technical","canonical","canalem=acc.sg; energiae=gen.sg; ab aqua=source; ad aerem=goal; aperi=imperative","Canonical source/goal variant."
LAT-036,"Ab aqua ad aerem canalem energiae aperi.","水から空気へエネルギーのチャネルを開け。","word-order variant","Channel<Energy>","Neo-Latin technical","provisional","ab aqua=source; ad aerem=goal; canalem=acc.sg; energiae=gen.sg; aperi=imperative","Illustrates that surface word order may map to the same AST."
LAT-037,"Canalem ab aqua energiae ad aerem aperi.","水から空気へエネルギーのチャネルを開け。","word-order variant","Channel<Energy>","Neo-Latin technical","provisional","canalem=acc.sg; ab aqua=source; energiae=gen.sg; ad aerem=goal; aperi=imperative","Possible surface variant; strict Magical Latin should prefer standardized ordering to reduce ambiguity."
